{"schemaVersion":"1.0","appDefinitionTemplate":{"id":"/providers/Microsoft.PowerApps/apps/","type":"Microsoft.PowerApps/apps","tags":{"primaryDeviceWidth":"1366","primaryDeviceHeight":"768","supportsPortrait":"true","supportsLandscape":"true","primaryFormFactor":"Tablet","showStatusBar":"false","publisherVersion":"3.25034.15","minimumRequiredApiVersion":"2.2.0","hasComponent":"false","hasUnlockedComponent":"false","isUnifiedRootApp":"false","sienaVersion":"20250407T091411Z-3.25034.15.0"},"properties":{"appVersion":"2025-04-07T09:14:11Z","lifeCycleId":"Published","createdByClientVersion":{"major":3,"minor":25034,"build":15,"revision":0,"majorRevision":0,"minorRevision":0},"minClientVersion":{"major":3,"minor":25034,"build":15,"revision":0,"majorRevision":0,"minorRevision":0},"backgroundColor":"RGBA(0,176,240,1)","backgroundImageUri":"/9026263291578219261/N4fdee737-2c8b-4d38-b90a-0bc9faafb7c1-logoSmallFile","displayName":"h","description":"","commitMessage":"","appUris":{"documentUri":{"value":"/9026263291578219261/Ndb66c8ef-8ff8-4e21-92a5-bf5c97db391d-document.msapp"},"imageUris":[],"additionalUris":[{"isSolutionAware":false,"value":"/9026263291578219261/Nb38a173f-7410-4a3d-993f-76aba0eec5fd-identity.json"}]},"createdTime":"0001-01-01T00:00:00Z","lastModifiedTime":"0001-01-01T00:00:00Z","sharedGroupsCount":0,"sharedUsersCount":0,"connectionReferences":{},"databaseReferences":{},"almMode":"Environment","performanceOptimizationEnabled":true,"canConsumeAppPass":true,"enableModernRuntimeMode":false,"executionRestrictions":{"isTeamsOnly":false,"dataLossPreventionEvaluationResult":{"status":"Compliant","lastEvaluationDate":"2025-04-07T09:14:15.1465386Z","violations":[],"violationsByPolicy":[],"violationErrorMessage":"The app uses the following connectors: ."}}},"isAppComponentLibrary":false,"appType":"ClassicCanvasApp","appComponents":[]}}