{
  "entities": {
    "Users": {
      "fields": {
        "UserId": "Guid",
        "Username": "String",
        "Password": "String",
        "Email": "String",
        "PhoneNumber": "String",
        "Role": "String"
      }
    },
    "Listings": {
      "fields": {
        "ListingId": "Guid",
        "Title": "String",
        "Description": "String",
        "Location": "String",
        "PricePerNight": "Decimal",
        "Availability": "Boolean",
        "OwnerId": "Guid"
      }
    },
    "Bookings": {
      "fields": {
        "BookingId": "Guid",
        "UserId": "Guid",
        "ListingId": "Guid",
        "StartDate": "DateTime",
        "EndDate": "DateTime",
        "TotalAmount": "Decimal",
        "Status": "String"
      }
    },
    "Reviews": {
      "fields": {
        "ReviewId": "Guid",
        "UserId": "Guid",
        "ListingId": "Guid",
        "Rating": "Integer",
        "Comment": "String",
        "Date": "DateTime"
      }
    },
    "Payments": {
      "fields": {
        "PaymentId": "Guid",
        "BookingId": "Guid",
        "Amount": "Decimal",
        "PaymentMethod": "String",
        "PaymentStatus": "String",
        "PaymentDate": "DateTime"
      }
    }
  }
}