{
  "screens": [
    {
      "name": "HomeScreen",
      "components": [
        {
          "type": "SearchBar",
          "properties": {
            "placeholderText": "Search listings..."
          }
        },
        {
          "type": "FilterOptions",
          "properties": {
            "filters": ["Location", "Price", "Availability"]
          }
        },
        {
          "type": "ListingGrid",
          "properties": {
            "dataSource": "Listings"
          }
        }
      ]
    },
    {
      "name": "ListingDetailsScreen",
      "components": [
        {
          "type": "ImageGallery",
          "properties": {
            "dataSource": "ListingImages"
          }
        },
        {
          "type": "TextBlock",
          "properties": {
            "text": "ListingTitle"
          }
        },
        {
          "type": "TextBlock",
          "properties": {
            "text": "ListingDescription"
          }
        },
        {
          "type": "Button",
          "properties": {
            "text": "Book Now",
            "action": "NavigateToBookingScreen"
          }
        }
      ]
    },
    {
      "name": "BookingScreen",
      "components": [
        {
          "type": "DatePicker",
          "properties": {
            "label": "Start Date"
          }
        },
        {
          "type": "DatePicker",
          "properties": {
            "label": "End Date"
          }
        },
        {
          "type": "TextBlock",
          "properties": {
            "text": "TotalAmount"
          }
        },
        {
          "type": "Button",
          "properties": {
            "text": "Confirm Booking",
            "action": "SubmitBooking"
          }
        }
      ]
    },
    {
      "name": "ReviewScreen",
      "components": [
        {
          "type": "RatingControl",
          "properties": {
            "label": "Rate this listing",
            "maxRating": 5
          }
        },
        {
          "type": "TextArea",
          "properties": {
            "label": "Write a review"
          }
        },
        {
          "type": "Button",
          "properties": {
            "text": "Submit Review",
            "action": "SubmitReview"
          }
        }
      ]
    },
    {
      "name": "UserProfileScreen",
      "components": [
        {
          "type": "TextInput",
          "properties": {
            "label": "Username"
          }
        },
        {
          "type": "TextInput",
          "properties": {
            "label": "Password",
            "isPassword": true
          }
        },
        {
          "type": "Button",
          "properties": {
            "text": "Login",
            "action": "UserLogin"
          }
        },
        {
          "type": "Button",
          "properties": {
            "text": "Register",
            "action": "UserRegister"
          }
        }
      ]
    },
    {
      "name": "AdminDashboard",
      "components": [
        {
          "type": "DataTable",
          "properties": {
            "dataSource": "Listings",
            "columns": ["Title", "Location", "PricePerNight", "Availability"]
          }
        },
        {
          "type": "DataTable",
          "properties": {
            "dataSource": "Bookings",
            "columns": ["UserId", "ListingId", "StartDate", "EndDate", "TotalAmount", "Status"]
          }
        },
        {
          "type": "DataTable",
          "properties": {
            "dataSource": "Reviews",
            "columns": ["UserId", "ListingId", "Rating", "Comment", "Date"]
          }
        }
      ]
    }
  ]
}