{
  "reports": [
    {
      "name": "AdminDashboard",
      "visuals": [
        {
          "type": "BarChart",
          "properties": {
            "dataSource": "Bookings",
            "xAxis": "Month",
            "yAxis": "NumberOfBookings"
          }
        },
        {
          "type": "PieChart",
          "properties": {
            "dataSource": "Reviews",
            "category": "Rating",
            "value": "Count"
          }
        },
        {
          "type": "LineChart",
          "properties": {
            "dataSource": "Payments",
            "xAxis": "Month",
            "yAxis": "TotalRevenue"
          }
        }
      ]
    }
  ]
}