{
  "flows": [
    {
      "name": "BookingConfirmationEmail",
      "trigger": "NewBooking",
      "actions": [
        {
          "type": "SendEmail",
          "properties": {
            "to": "UserEmail",
            "subject": "Booking Confirmation",
            "body": "Your booking has been confirmed."
          }
        }
      ]
    },
    {
      "name": "PaymentProcessing",
      "trigger": "NewBooking",
      "actions": [
        {
          "type": "ProcessPayment",
          "properties": {
            "paymentMethod": "PaymentMethod",
            "amount": "TotalAmount"
          }
        }
      ]
    },
    {
      "name": "ReviewNotification",
      "trigger": "NewReview",
      "actions": [
        {
          "type": "SendNotification",
          "properties": {
            "to": "ListingOwnerEmail",
            "message": "A new review has been posted for your listing."
          }
        }
      ]
    }
  ]
}